venezuelaquierecambio,00000000100000100000
1x10x10xchavez,0000000100000
losdechavezavotar,0010100000110000
1x10victoriacomosea,000100000001000100
8millones1x10xchavez,10000000100011000000
6dcambiemosvzla,010000000010000
parlamentarias2015,000000000000010000
a33mesesdetusiembracomandante,1010000101010000000000000000
abajoyalaizquierda,00001010100000000
chavismoesdignidad,00000001010000000
elecciones2015,0000000001000
quetriunfelapazenvenezuela,0010000001010010100000000
6dganachavez,01000100000
6dganachavezconmi1x10,01000100000100100000
nosvemosenlabolivar,001000010101000000
avotarporchavez,10000100100000
venezuelavoto2015,0000000010001000
yovotoel6d,010001010
yosivoto,0101000
porvenezuela,00100000000
venezuelalibre,0000000010000
porvenezuela,00100000000
contactoconmaduronro49,000000010010000010000
rematechavista,0000010000000
caracasalritmodelcambio,0000001010000100100000
venezuelalibre,0000000010000
votamivenezuela,00010100000000
abajoyalaizquierda,0000101010000000
somosefectoalmiranta,0000100000100000000
rematechavistaxlavictoria,000001000000011010000000
somoslosdechavez,000010010100000
abajoalaizquierda,0000110100000000
eleccionesparlamentarias,00000000010000000000000
votasinmiedo,00010010000
todosvotamosxvenezuela,000010000001100000000
6darribaalaizquierda,0100000010100000000
votael6d,0001010
parael6dasamblea,000101010000000
democracia2015,0000000001000
chavistajalabola,000000010001000
el6dganachavez,0101000100000
8millones1x10xchavez,1000000010000100000
6dediciembre,10100000000
modavenezolana,0001000000000
voto6d,00010
venezueladecide,00000000100000
conchavezcomosea,001000001000100
vamosvenezuela,0000100000000
eleccionesvenezuela,000000000100000000
guayanavota6d,000000100010
somosconductachavez,000010000000100000
eselbarrioen6d,0101000001010
aquiel6dganachavez,00010101000100000
sevieneelcambio,0100001010000
cambioindetenible,0000010000000000
venezuelaquierecambio,0000000010000010000
venezuelaquiere,00000000100000
elcambioerestu,0100000100010
abajoalaizquierda,0000110100000000
asambleanacional,000000010000000
radarparlamentario,00001000000000000
maduroeshambre,0000010100000
nomasshowqueremossolucion,000010001000000010000000
lamejorvzla,0100001000
quenadatedetenga,001000101000000
abajoyalaizquierda,00001010100000000
unionycambio,00001110000
cuentaregresiva,00000100000000
hoyarrancaelcambio,00100000010100000
caminoalaasamblea,0000010110000000
cuentaregresivavzla6d,00000100000000100010
lafuerzadelcambioerestu,0100000100100000100010
arrancoelcambio,00000010100000
saladeprensaunidad,00010100000100000
elquesecansapierde,01001010000100000
lafuerzadelcambio,0100000100100000
maduroysucombo,0000011010000
ganavenezuela,000100000000
lafuerzadelaunidad,01000001010100000
tuvotopuedemas,0100010000100
eleccionesparlamentarias2015,000000000100000000000001000
siembracomandante,0000010000000000
lostrabajadoressaimearaguamerecemosviviendasdignas,0010000000000010000000000100000000100000000100000
contactoconmaduronro,0000000100100000100
elganachavez,01000100000
adiasdelavictoriaperfecta,100010101000000010000000
diasdelavictoriaperfecta,00010101000000010000000
parlamentariasamesesdetusiembracomandante,0000000000000110000101010000001000000000
millonesxxchavez,000000010100000
mesesdetusiembracomandante,0000101010000001000000000
elseisDiciembreganachavezcomosea,0100010000000010001000001000100
esteseisDiciembreganamoslaasambleacomosea,0001000100000000100000010100000001000100
mivotoessecretouniversalchavistaydirectonojodavivachavez,0100010100000010000000010000000110000001010001000100000
abajoalaizquierdaenlaesquinaladelamanito,0000110100000000101010000001010010000000
este6dganamoslaasambleacomosea,00010100000010100000001000100
conchavezymadurotriunfoseguro,0010000011000001000000100000
amesesdetusiembracomandante,10000101010000001000000000
yocreoenelcambio,010001010100000
amesesdetusiembracomandanteinvensible,100001010100000010000000001000000000
el6ganachavez,011000100000
entrechavistasnosseguimos,000010000000010010000000
contactoconmaduronroo,00000001001000001000
chavismocierraganando,00000001000001000000
el6dconloscandidatosdelapatria,01010010010000000001010100000
chavezvivevivelapatriasigue,00000100010001010000010000
abajoalaizquierdaenlaesquina,000011010000000010101000000
todosloschavistasnosseguimos,000010010000000010010000000
el6dseremoscomochavez,01010000001000100000
votemosporlosdechavez,00000010010010100000
chavezlafuerzaquenosmueve,000001010000010010010000
juevesdeganarseguidorar,0000000100010000000000
mientrasmasnaturalmejor,0000000000000000010000
yatusabeslosojosdechavez,00000000000000000100000
micompromisoesconvenezuela,0000000000000000100000000
campamentolamilagrosa,00000000000100100000
martesdeganarseguidor,00000001000100000000
rematechavistaxporlavictoria,000000000000000000010000000
venezuelaconlalimusica,000000000100000000000
felizchavidadconmaduro,000000000000000100000
portuguesavotochavista,000000000100010000000
tatuadoresdevenezuela,00000000000100000000
chavezinvictoporsiempre,0000001000000001000000
lupesiempreeresmagnificaconsecuente,0001000000100000000000000000000000
el6dganachavezconmiunox,0001000100000100000000
8diasparalagranvictoria,0000000000000010000000
el6dlealtadabsolutaachavez,0000000000000000000100000
7diasparalavictoriadechavez,00000000001000000010100000
diosiluminaavenezuela,00000000000100000000
vamoskmaradashoyesdiadjubiloavotarqnadiecquedencasadmostremo,00000000000010010000000000001000010000000000001000100000000
fuckinggobiernonegligente,000000100000001000000000
nuestrodirectornacionalformacion,0000001000000100000000000000000
aquiestaelpueblochavistar,000000000100000100000000
el6dganachavezcomoseaconmi,0001000100000100000000000
alremateporlavictoria,00000000000010000000
audsqsiempremehacenrflexionarreir,00001000000101000100000000000000
elcambioestaenlaesquina,0100000100000000000000
tusabesquesomoslosdechavez,0000000000000000000100000
viernesdeganarseguidor,000000001000100000000
venezuelaentusmanossenor,00000000010000100010000
chavezcorazondelpueblo,000000100000000100000
mesesdetusiembracomandanteinvensible,00000000000000010000000001000000000
porunpaissinrevooucion,000010001000000000000
elcambiovieneynadalodetiene,01000001000000000000000000
enlafedesuguardiadehonor,00000000000000000010000
losojosdechavezvisiondefuturo,0000000010000010000000100000
hombresymujeresdehonor,000000000000000010000
jthepsonperezquierecambio,000000000000100000100000
yoquierounamejorvenezuela,000000000010000100000000
queremosvotarporelcambio,00000001000010000100000
venezuelalibrededictadura,000000000100000000000000
nohayleysecaparanosotros,00001001000000100010000
6dganachavezxamormayor,010001000001100010000
misionerosdelsaimearaguamerecemosviviendasdigna,0000001000000000000000000000000010000000100000
juevesdeganarseguidor,00000001000100000000
solidaridadconelpueblopalestino,000000000000000100000100000000
arrancoelhuracanbolivariano,00000000000000010000001000
venezuelaestoycontigo,00000000010000000000
estiempodecambiarnuestraspalabrasporacción,00000000010000001000000000000000000000000
somoslashijasdechavez,00000000000000100000
comiteolimpicovenezolano,00000000000001000000000
caracassiemprecaracar,00000010000001000000
sabadodemisionalimentacion,0000000100000100000000000
teamspinningvenezuela,00000000000100000000
disenadoresvenezolano,00000000001000000000
venezuekaquierecambio,00000000100000100000
remateperfectoxlavictoria,000000000000000010000000
leysecaunconodetumadrebruja,00010000000000000000000000
rumboalavictoriaperfecta6d,0000000100000001000000000
hoyendiahayquehablarclaro,000100000000000000000000
diaparacambiaravenezuela,00000010000001100000000
maduromiserablelodeocarizfueinfamer,0000001000000000000000000000000000
mefascinaesteenvioxqasidebesersiempre,000000000000000000000000000001000000
misionerosdesaimearaguamerecemosviviendasdigna,000000100000000000000000000000010000000100000
futurosenfermerosdelarepublica,00000010000000000000000000000
elpuebloverdugodelchavismo,0100000100000000000000000
aquinosehablamaldevenezuela,00000000000000000100000000
votacionesenvenezuelar,000000000001000000000
portodoslosvenezolano,00000000001000000000
resplandecerenvictoriachavista,00000000000001000000010000000
chavismocorruptopsuveco,0000000000000001000100
maduroserascapazdedargolpedeestado,000000100000000000000000000000000
bolivartierrarevolucionaria,00000001000010000000001000
patrialegadodelcomandate,00000010000000000000000
porunamejorvenezuelar,00000100001000000000
comandodefensordevotos,000000000000000010000
narcoparacoparamilitaresfascistas,00000000000000100100000000000000
eleccionesenvenezuela,00000000000100000000
elconodetumadremaduro,00000000000000100000
buenasnoticiasenarauca,000001000000100000000
el6dganaelpueblochavista,00010001010000010000000
resplandecerdevictoriachavista,00000000000001000000010000000
narcoparacoparamilitarismo,0000000000000010010000000
convivenciadetransmision,00000000000000000100000
sueldodocenteparapresidente,00000000000000001000000000
somoslafuerzadeamazonas,0000000000000001000100
mesesdetusiembracomandantesolo,00000000000000010000000001000
tequierolindamivenezuela,00000000000000100000000
seacomoseaganamoslaasamblea,00000000010001000000000000
yollevoelmorraldechavez,0000000000000000100000
ciudadbolivarchavista,00000100000010000000
elcambioesindetenible,01000001000000000000
lamanitoesladelcambiar,000000000000001000000
missqueenbolivarpetite,000000001000000100000
alremateperfectoporchavez,000000000000000000100000
diasdelavictoriapopula,000000010000000100000
votoafavordevenezuela,00001000000100000000
poramigoscomotuexistenamigascomoyo,001000010000000000000000000000000
holabonitasgratasyconsecuentesamigasxsiempre,0000000000000000000000000000000000001000000
soloelpueblosalvaalpueblo,000001000001000000000000
venezuelanosnecesitaatodos,0000000101010000000000000
peterrrrloveyouatodosmilabrazos,000000000000000000001001000000
6dganatupueblovaliente,010001010000010000000
venezuelaquequierecambio,00000000010100000100000
lagranpatadaparalaoposicion,00000000000000000100000000
rematechavistaporlavictoria,00000000000000000010000000
venezolanostodosunidos,000000100010000000000
venezuelapueblodevictoria,000000001100001010000000
loschavistascerramosganando,00000000000000000001000100
votaporloscandidatosdechavez,000000000100000000100100000
sabadodeganarseguidor,00000001000100000000
orgullosodeservenezolano,00000000000001000000000
pormishijosquierouncambio,000000000000000000100000
candidatosdelapatriarumboal6d,0000000001000100000100000000
juevesdecierredecampana,0000000000000001000000
felizcumpleanosdanielpatino,00000000001000100000000000
justincometovenezuela,00000000000100000000
cheilaunacasapamaitar,00000000100010000000
lodfiendeparadarceloalpueblocomodbcr,00000000000000000000010000010000000
6dvenezuelaquierecambio,0100000000100000100000
juventudunidaporvenezuela,000000000000000100000000
hoydomingodeganarseguidor,000100000001000100000000
venezuelatierradegracia,0000000001000000000000
domingodeparrilladaamigo,00000000000000000010000
peroqcosamaspreciosabebelindar,00000000000100000100000000000
victoriachavistacomosea,0000000010000000000000
eldiaqvngasseretuguiaturisticatvasenamorardmbotloaseguro,0000000000000000000000000000000000010001000000000000000
bienvenidoelmejormesdelano,0000000000010000100000000
feveemvotaporlapatria,00000000000000100000
holaamorenisobrevivirxqdspsdesemejantecolalassecuelaste,000100010000000000000000000000000000000000000000000000
contactoconlamentiranro,0010000100000000000100
yodefiendomirevolucion,000000000001000000000
mercadoscomunalesnavideno,000000010000001000000000
fitdaycampamentolamilagrosa,00000000000000000100100000
saimearaguamerecemosunaviviendadigna,00000000000000000000001000000010000
venezolanosvotenelcambio,00000010001000000100000
colectivagissellesccs,00000000000000000100
misionerossaimearaguamerecemosviviendasdigna,0000001000000000000000000000010000000100000
sihayfuturoenvenezuela,000010000010100000000
enlacolaquesehacecongusto,000000000000100010000000
venezuelaquierecambio,00000000110000100000
venezuelaestuoportunidad,00000000010000000000000
sabadodeganarseguidorar,0000000100010000000000
ultimacolaenvenezuela,00000000000100000000
elcambiovieneparavenezuela,0100000100000000100000000
barrioadentroeschavez,00000000100010100000
lapropuestadeladerecha,000000000000001000000
mamaprimerizaeslomejorquemehapasado,0000000000000000100001000000000000
todosqueremosuncambio,00000000000000100000
porunpaisdeoportunidad,000010001000000000000
cielosabiertossobrevenezuela,000000000000000000100000000
todosunidosporunavenezuelamejor,000000000000000010000000010000
alimentosmedicinasbienesyservicios,000000001000000000000000000000000
el6dganachavezcomosea,00010001000001000000
pormivenrzuelahoysalgoavotar,000000000000010010000010000
el6dvotaporamorachavez,000000000010001100000
carylberthoyandreinatarazonparalaasambleadecorazon,0000000010010000000000000000000000000000000000000
votaporunavenezuelamejor,00000000010000000010000
quetruinfelapazenvenezuela,0000000000000000100000000
familiasaloscamposdefboll,010010000000000000000000
comolohacestuentupaisdfendiendo,000001000100000010001000000000
menosmalquehayleyseca,00000000000001001000
venezuelaquiereunidad,00000000110000100000
derechacriminalrealizo,000000010000000000000
derechacriminalrealiza,000000010000000000000
entroinfocentrotransferidopafalcon,100010000000000000000000000000000
estosonlosmejorestiempos,00000000010000100000000
el6dvamosavotarporlapaz,0000000001000010000000
lasuperbandadevenezuela,0000000000000100000000
quenadiesequedesinvotar,0000000000000000010000
buenasnochesvenezuela,00000000000100000000
tomiiabrazosapurrunosamor,000000000000000000001000
hastamananaraisaqtengasunasemanaasidemaravillosacomoerestu,000010000010000000000000000000000000000000000000000000000
venezolanosarecuperarsudignidad,000000100010000000000000000000
venezuelamipatriacrespeta,000000000110000010000000
los6dchavezxportuguesa,000010000010000000000
paratodoshermanosvenezolano,00000000000010001000000000
algranremateporchavez,00000000000000100000
porelcambioenvenezuela,000010000010100000000
diasdelavictoriapopular,0000000100000001000000
festivaldeljonronpepsi,000000000000100100000
hombreymujeresdehonor,00000000000000010000
venezuelaquierecambiar,000000001100001000000
victoriaperfectacomosea,0000000010000000000000
vamostodosalacaravanadekcambio,00000000000000000000000100000
pormifuturoyeldetodos,00001000001000000000
sesientenairesdecambio,000000000000000100000
missqueenvenezuelapetite,00000000100000000100000
unidadvenezuelasaludos,000001000000001000000
paraasesorarloscomovotarylesse,00000000000000000010000100000
corazondelvolcanbolivariano,00000000000000010000001000
dioslesbendigasiempre,00000000000001000000
franciscopachecoysupueblo,000000000000000000100000
laderechacriminalprovoca,01000000100000000000000
youngvenezuelantalent,00001000000001000000
laderechacriminalprovoco,01000000100000000000000
elcambioestaennuestrasmano,0100000100000000000000000
masquepediragradecersiempre,00000000000000000001000000
portodoloquequieresvota,0000000000010000010000
honorquienhonormerece,00000100000000000000
firmesydignosconchavez,000000000000000100000
solterocasadoviudoydivorciado,0000001000100000000000000000
dekmbiodsidimosserunpueblochavista,000000000000000000010000010000000
libertadparavenezuela,00000000000100000000
venezuelasevuelveadio,00000000010000000000
dejansololasafuerasdeloscentro,00000000000000000000000001000
porlavenezuelaquequiero,0000100000000100000000
larevolucionysuslogro,01000000000100000000
rematepercfectoxlavictoria,0000000000000000010000000
trajesdebanosvenezolanos,00000000100010000000000
comoterminarunanobienycomenzarotromejor,00000000000000000000000000000000010000
diadecentroconminegra,00000010001000000000
domingodeganarseguidor,000000001000100000000
diasparalavictoriaperfecta,0000000001000000010000000
yosigoapostandopormipais,00000000000000000001000
guitarristasdevenezuela,0000000000000100000000
margiobesosadorotusmunequitossoymegabrutanolosencuentroenmitlfno,000000100010000000000000000000000000000000000000001000100000000
ganandoleeltiempoaladistancia,0000100000000000000000000000
todosvotamosporvenezuela,00000000000000100000000
laderechacriminalterrorista,01000000100000000000000000
rematechavistaporlavictoriaperfecta,0000000000000000001000000010000000
porunmejorpresenteyfuturo,000010000100000000100000
alimentosmedicinasbienesyservicio,00000000100000000000000000000000
estejuevespalabolivar,00000000000001000000
malditogobiernonegligente,000000100000001000000000
quienquiereserdiputado,000010000010000000000
vidacomotepongastevivo,000000000000000001000
ucvistahoyucvistasiempre,00000010010000001000000
inseguridadenvenezuela,000000000000100000000
comoqpornadamasbiendberianhabrledadomasanosporasesinar,00000000000000000000000000000000000000100010000000000
porquemeduelesvenezuela,0000000000000100000000
lamanitoesladelcambio,00000000000000100000
qbelkezadeenviomilbesos,0000000000000010011000
listoparasaliradefenderelvoto,0000000000000000000000001000
parroquiasanjuanbautista,00000000010000000000000
firmesylealesconchavez,000000000000000100000
avotarporchavezgalopando,10000100100000100000000
venezolanoteniasquese,00000000001000000000
mifelicidadparavenezuela,00000000000000100000000
porlasaluddetodoslosvenezolano,00000000000000000001000000000
venezuelatienequecambiar,00000000010000001000000
diosconnosotrossiempre,000000000000001000000
venezolanosporelcambio,000000100010000100000
porchavezbatallaperfecta,00100000100000000000000
valenciaymaracayjuntos,000000000000000100000
esperandoporeldomingoporelamoranuestrocomandanteamadoyparahacerirreversibleestarevolucion,0000000000000000000000000100010000000100000000010000000001000100000000000000001000000000
elsecretomejorguardado,000000001000010000000
cocorotequierecambiar,00000001000001000000
yhoyhayunoquenoduermecomounbebe,100100000000000000000000000000
seguircosechandosonrisas,00000010000000000000000
venezuelatequierolibre,000000000100000000000
encuentrosparaelexito,00001000100000000000
estaaclarandolamananaenvenezuela,0000000000000010000010100000000
cumplelaleycierratucentro,000000010010000000001000
aeropuertointernacionalsimonbolivar,0000000000000000000000000001000000
este6dediciembreganachavez,0000000000000001000100000
venezuelaserespetacarajo,00000000010000000000000
abolivarychavezrendimosmemoria,10000001100000100000000000000
hastalavictoriasiempre,000000100000001000000
patrullerosdelapatria,00000000000000100000
quetruinfelapazenvenezuelar,00000000000000001000000000
loscomepupuvotanporpsuv,0000000000000000001000
hoyfueesanocheinolvidable,000100000000000000000000
6dvenezuelatransparente,0100000000100000000000
venezolanosenelexterior,0000001000100000000000
porunavenezueladecambio,0000010000000010100000
mifelicidadesvenezuela,000000000000100000000
venezuelatellevoenelcorazon,00000000010000000000000000
lamejorformadecomerjamon,01000010000000000000000
venezuelanecesitauncambio,000000000100000000100000
ninasbellastodasmananacomienzanavidad,000000000000000100000100000000000000
cumpliendoconvenezuela,000000000000100000000
doencuentrodetwittero,00000010001000000000
nuestrodirectornacionaloperación,0000001000000100000000000000000
venezuelaganaconmaduro,000000001100100100000
estassonlascosasqueenamoran,00000000000000000000100010
missvenezuelauniverse,00010000000010000000
derechacriminalnoprovoquen,0000000100000000000000000
venezuelaquiereuncambio,0000000011000010100000
pcvlafuerzadelpueblotrabajador,00000000000001000001000000000
conelamordechavezaunnuevotriunfo,0000100010100000100000000000000
conchavezymadurotriunfoseguro,0010000011000001000000000000
6dchavezseguirainvicto,010000010000010000000
laguerraapenasempieza,01000001000000000000
bolivaralsurdelorinoco,000000010000000000000
